{"cameraMode":{"drawMode":0,"name":"Shaded","section":"Shading Mode"},"sceneLighting":false,"audioPlay":false,"sceneViewState":{"showFog":true,"showMaterialUpdate":false,"showSkybox":true,"showFlares":true,"showImageEffects":true,"showParticleSystems":true},"in2DMode":false,"pivot":{"x":1.252138376235962,"y":0.45399999618530276,"z":0.8040716648101807},"rotation":{"x":0.12241244316101074,"y":0.35427647829055788,"z":-0.0468340702354908,"w":0.9259103536605835},"size":0.5715768933296204,"orthographic":false}