{"cameraMode":{"drawMode":0,"name":"Shaded","section":"Shading Mode"},"sceneLighting":false,"audioPlay":false,"sceneViewState":{"showFog":true,"showMaterialUpdate":false,"showSkybox":true,"showFlares":true,"showImageEffects":true,"showParticleSystems":true},"in2DMode":false,"pivot":{"x":6.489630222320557,"y":1.0359435081481934,"z":3.2989718914031984},"rotation":{"x":0.03681965544819832,"y":0.8630067110061646,"z":-0.06357153505086899,"w":0.4998224377632141},"size":7.033987045288086,"orthographic":false}