{"cameraMode":{"drawMode":0,"name":"Shaded","section":"Shading Mode"},"sceneLighting":true,"audioPlay":false,"sceneViewState":{"showFog":true,"showMaterialUpdate":true,"showSkybox":true,"showFlares":true,"showImageEffects":true,"showParticleSystems":true},"in2DMode":false,"pivot":{"x":0.08413803577423096,"y":0.918314516544342,"z":-1.0703479051589966},"rotation":{"x":0.0005500639090314508,"y":0.9953936338424683,"z":-0.09570617973804474,"w":0.005618668161332607},"size":1.9046707153320313,"orthographic":false}