{"cameraMode":{"drawMode":0,"name":"Shaded","section":"Shading Mode"},"sceneLighting":false,"audioPlay":false,"sceneViewState":{"showFog":true,"showMaterialUpdate":false,"showSkybox":true,"showFlares":true,"showImageEffects":true,"showParticleSystems":true},"in2DMode":false,"pivot":{"x":-0.0008998513221740723,"y":0.12699994444847108,"z":-0.0001500844955444336},"rotation":{"x":-0.07864636927843094,"y":0.9021044373512268,"z":-0.38131827116012576,"w":-0.18606112897396089},"size":3.989811420440674,"orthographic":false}