{"cameraMode":{"drawMode":0,"name":"Shaded","section":"Shading Mode"},"sceneLighting":false,"audioPlay":false,"sceneViewState":{"showFog":true,"showMaterialUpdate":false,"showSkybox":true,"showFlares":true,"showImageEffects":true,"showParticleSystems":true},"in2DMode":false,"pivot":{"x":0.732528805732727,"y":0.7947278022766113,"z":-0.337735652923584},"rotation":{"x":-0.048398274928331378,"y":0.916556715965271,"z":-0.3793501853942871,"w":-0.116939477622509},"size":7.469365119934082,"orthographic":false}