{"cameraMode":{"drawMode":0,"name":"Shaded","section":"Shading Mode"},"sceneLighting":false,"audioPlay":false,"sceneViewState":{"showFog":true,"showMaterialUpdate":false,"showSkybox":true,"showFlares":true,"showImageEffects":true,"showParticleSystems":true},"in2DMode":false,"pivot":{"x":0.23000000417232514,"y":0.5600000023841858,"z":-0.5870000123977661},"rotation":{"x":0.0726870447397232,"y":-0.07230665534734726,"z":0.005286913365125656,"w":0.9947162866592407},"size":0.5715768337249756,"orthographic":false}