{"cameraMode":{"drawMode":0,"name":"Shaded","section":"Shading Mode"},"sceneLighting":true,"audioPlay":false,"sceneViewState":{"showFog":true,"showMaterialUpdate":false,"showSkybox":true,"showFlares":true,"showImageEffects":true,"showParticleSystems":true},"in2DMode":false,"pivot":{"x":-8.196292877197266,"y":-7.380153656005859,"z":11.306676864624024},"rotation":{"x":0.2285604625940323,"y":-0.3168756067752838,"z":0.07897214591503144,"w":0.9171223640441895},"size":20.483325958251954,"orthographic":false}