{"cameraMode":{"drawMode":0,"name":"Shaded","section":"Shading Mode"},"sceneLighting":false,"audioPlay":false,"sceneViewState":{"showFog":true,"showMaterialUpdate":false,"showSkybox":true,"showFlares":true,"showImageEffects":true,"showParticleSystems":true},"in2DMode":false,"pivot":{"x":1.3844491243362427,"y":0.48608627915382388,"z":-0.22665801644325257},"rotation":{"x":0.1479947566986084,"y":0.3172511160373688,"z":-0.05019441992044449,"w":0.9353768229484558},"size":0.5715768337249756,"orthographic":false}