{"cameraMode":{"drawMode":0,"name":"Shaded","section":"Shading Mode"},"sceneLighting":false,"audioPlay":false,"sceneViewState":{"showFog":true,"showMaterialUpdate":false,"showSkybox":true,"showFlares":true,"showImageEffects":true,"showParticleSystems":true},"in2DMode":false,"pivot":{"x":0.00010001659393310547,"y":0.11104999482631684,"z":-0.0004500150680541992},"rotation":{"x":-0.07864636927843094,"y":0.9021044373512268,"z":-0.38131827116012576,"w":-0.18606112897396089},"size":3.974579095840454,"orthographic":false}