{"cameraMode":{"drawMode":0,"name":"Shaded","section":"Shading Mode"},"sceneLighting":false,"audioPlay":false,"sceneViewState":{"showFog":true,"showMaterialUpdate":false,"showSkybox":true,"showFlares":true,"showImageEffects":true,"showParticleSystems":true},"in2DMode":false,"pivot":{"x":-2.3442301750183107,"y":1.4884034395217896,"z":2.8583292961120607},"rotation":{"x":-0.008754963986575604,"y":0.7830604910850525,"z":0.011027544736862183,"w":0.6217861771583557},"size":0.2857884168624878,"orthographic":false}