{"cameraMode":{"drawMode":0,"name":"Shaded","section":"Shading Mode"},"sceneLighting":false,"audioPlay":false,"sceneViewState":{"showFog":true,"showMaterialUpdate":false,"showSkybox":true,"showFlares":true,"showImageEffects":true,"showParticleSystems":true},"in2DMode":false,"pivot":{"x":0.00010001659393310547,"y":0.3587999939918518,"z":-0.0004000067710876465},"rotation":{"x":0.3302121162414551,"y":0.3299024701118469,"z":-0.12441536039113999,"w":0.875582754611969},"size":2.0323402881622316,"orthographic":false}