{"cameraMode":{"drawMode":0,"name":"Shaded","section":"Shading Mode"},"sceneLighting":false,"audioPlay":false,"sceneViewState":{"showFog":true,"showMaterialUpdate":false,"showSkybox":true,"showFlares":true,"showImageEffects":true,"showParticleSystems":true},"in2DMode":false,"pivot":{"x":-0.8971554040908814,"y":0.6291318535804749,"z":-0.506893515586853},"rotation":{"x":-0.0027447494212538006,"y":0.6422943472862244,"z":0.0023010990116745235,"w":0.7664497494697571},"size":0.2857884168624878,"orthographic":false}