{"cameraMode":{"drawMode":0,"name":"Shaded","section":"Shading Mode"},"sceneLighting":false,"audioPlay":false,"sceneViewState":{"showFog":true,"showMaterialUpdate":false,"showSkybox":true,"showFlares":true,"showImageEffects":true,"showParticleSystems":true},"in2DMode":false,"pivot":{"x":-0.3474278450012207,"y":1.0686674118041993,"z":0.2774035930633545},"rotation":{"x":0.2283201962709427,"y":0.2628062069416046,"z":-0.06415491551160813,"w":0.935247004032135},"size":4.908238887786865,"orthographic":false}