{"cameraMode":{"drawMode":0,"name":"Shaded","section":"Shading Mode"},"sceneLighting":false,"audioPlay":false,"sceneViewState":{"showFog":true,"showMaterialUpdate":false,"showSkybox":true,"showFlares":true,"showImageEffects":true,"showParticleSystems":true},"in2DMode":false,"pivot":{"x":-1.4236400127410889,"y":-1.59955894947052,"z":-1.0474591255187989},"rotation":{"x":-0.07864636927843094,"y":0.9021044373512268,"z":-0.38131827116012576,"w":-0.18606112897396089},"size":4.648385047912598,"orthographic":false}