{"cameraMode":{"drawMode":0,"name":"Shaded","section":"Shading Mode"},"sceneLighting":false,"audioPlay":false,"sceneViewState":{"showFog":true,"showMaterialUpdate":false,"showSkybox":true,"showFlares":true,"showImageEffects":true,"showParticleSystems":true},"in2DMode":false,"pivot":{"x":-1.7549097537994385,"y":0.4302172362804413,"z":2.6178691387176515},"rotation":{"x":-0.02805476263165474,"y":0.7871465086936951,"z":0.03590455278754234,"w":0.615080714225769},"size":0.2857884168624878,"orthographic":false}