{"cameraMode":{"drawMode":0,"name":"Shaded","section":"Shading Mode"},"sceneLighting":false,"audioPlay":false,"sceneViewState":{"showFog":true,"showMaterialUpdate":false,"showSkybox":true,"showFlares":true,"showImageEffects":true,"showParticleSystems":true},"in2DMode":false,"pivot":{"x":0.013050079345703125,"y":1.5972999334335328,"z":0.008949995040893555},"rotation":{"x":-0.25114789605140688,"y":0.010635624639689923,"z":-0.002768899779766798,"w":-0.9678863286972046},"size":12.23578929901123,"orthographic":false}