{"cameraMode":{"drawMode":0,"name":"Shaded","section":"Shading Mode"},"sceneLighting":false,"audioPlay":false,"sceneViewState":{"showFog":true,"showMaterialUpdate":false,"showSkybox":true,"showFlares":true,"showImageEffects":true,"showParticleSystems":true},"in2DMode":false,"pivot":{"x":-1.2160061597824097,"y":-3.5847299098968508,"z":2.0936460494995119},"rotation":{"x":0.37705591320991518,"y":-0.4090578258037567,"z":0.19070953130722047,"w":0.8087833523750305},"size":11.166889190673829,"orthographic":false}