{"cameraMode":{"drawMode":0,"name":"Shaded","section":"Shading Mode"},"sceneLighting":false,"audioPlay":false,"sceneViewState":{"showFog":true,"showMaterialUpdate":false,"showSkybox":true,"showFlares":true,"showImageEffects":true,"showParticleSystems":true},"in2DMode":false,"pivot":{"x":-3.4564013481140138,"y":3.2045717239379885,"z":4.271536827087402},"rotation":{"x":-0.09745743125677109,"y":0.3062096834182739,"z":-0.031531982123851779,"w":-0.9464372396469116},"size":6.8812127113342289,"orthographic":false}