{"cameraMode":{"drawMode":0,"name":"Shaded","section":"Shading Mode"},"sceneLighting":true,"audioPlay":false,"sceneViewState":{"showFog":true,"showMaterialUpdate":true,"showSkybox":true,"showFlares":true,"showImageEffects":true,"showParticleSystems":true},"in2DMode":false,"pivot":{"x":1.4040606021881104,"y":1.0537621974945069,"z":-0.5339853763580322},"rotation":{"x":0.02298063039779663,"y":0.9216718673706055,"z":-0.05522851273417473,"w":0.3833310902118683},"size":1.9046707153320313,"orthographic":false}