{"cameraMode":{"drawMode":0,"name":"Shaded","section":"Shading Mode"},"sceneLighting":false,"audioPlay":false,"sceneViewState":{"showFog":true,"showMaterialUpdate":false,"showSkybox":true,"showFlares":true,"showImageEffects":true,"showParticleSystems":true},"in2DMode":false,"pivot":{"x":0.07284998893737793,"y":1.6528000831604005,"z":0.03644990921020508},"rotation":{"x":0.023383494466543199,"y":-0.9699819684028626,"z":0.21869154274463654,"w":0.10374126583337784},"size":11.869519233703614,"orthographic":false}