{"cameraMode":{"drawMode":0,"name":"Shaded","section":"Shading Mode"},"sceneLighting":false,"audioPlay":false,"sceneViewState":{"showFog":true,"showMaterialUpdate":false,"showSkybox":true,"showFlares":true,"showImageEffects":true,"showParticleSystems":true},"in2DMode":false,"pivot":{"x":0.06384798884391785,"y":0.8475576639175415,"z":1.6710000038146973},"rotation":{"x":0.13675914704799653,"y":0.33992907404899599,"z":-0.05003190413117409,"w":0.929108202457428},"size":0.5715768337249756,"orthographic":false}