{"cameraMode":{"drawMode":0,"name":"Shaded","section":"Shading Mode"},"sceneLighting":false,"audioPlay":false,"sceneViewState":{"showFog":true,"showMaterialUpdate":false,"showSkybox":true,"showFlares":true,"showImageEffects":true,"showParticleSystems":true},"in2DMode":false,"pivot":{"x":0.0,"y":1.0825999975204468,"z":-0.3319999873638153},"rotation":{"x":-0.05495232716202736,"y":-0.8395704627037048,"z":0.08647581934928894,"w":-0.5335013270378113},"size":0.3636031448841095,"orthographic":false}